{
  "grid": "irregular",
  "models": {
    "linear_ridge": {
      "mean": {
        "loss": 0.0008675311791509665,
        "mae": 0.021565339154613613,
        "mse": 0.0008675311791509665,
        "r2": -1.724822589225284,
        "rmse": 0.02683674472080358
      },
      "n_folds": 5,
      "std": {
        "loss": 0.0006987964969892049,
        "mae": 0.01144589208409277,
        "mse": 0.0006987964969892049,
        "r2": 2.342307310122661,
        "rmse": 0.01213755790681913
      }
    },
    "lmu_fixed_d16": {
      "mean": {
        "loss": 1.6711845940309853,
        "mae": 0.3853331279636054,
        "mse": 1.6711845940309853,
        "r2": -7145.4200576185485,
        "rmse": 0.6282299658693338
      },
      "n_folds": 5,
      "std": {
        "loss": 3.3295472847187657,
        "mae": 0.6786616672979332,
        "mse": 3.3295472847187657,
        "r2": 14264.757718519913,
        "rmse": 1.1298281745534589
      }
    },
    "lmu_fixed_d16_ridge1.0": {
      "mean": {
        "loss": 0.0003325889308035139,
        "mae": 0.012693806587560058,
        "mse": 0.0003325889308035139,
        "r2": -0.029553464811527274,
        "rmse": 0.01780497550492764
      },
      "n_folds": 5,
      "std": {
        "loss": 0.00014872890020266598,
        "mae": 0.002762958546085173,
        "mse": 0.00014872890020266598,
        "r2": 0.0318172173638598,
        "rmse": 0.003946109232198303
      }
    },
    "lmu_var_d16": {
      "mean": {
        "loss": 1.03495448620126,
        "mae": 0.3295598192794094,
        "mse": 1.03495448620126,
        "r2": -4421.876296633963,
        "rmse": 0.5027049459645849
      },
      "n_folds": 5,
      "std": {
        "loss": 2.058604915667473,
        "mae": 0.5731464298960572,
        "mse": 2.058604915667473,
        "r2": 8821.088501572194,
        "rmse": 0.8844445847558816
      }
    },
    "lmu_var_d16_ridge1.0": {
      "mean": {
        "loss": 0.0003353020085260452,
        "mae": 0.012765655125933301,
        "mse": 0.0003353020085260452,
        "r2": -0.037701748249144115,
        "rmse": 0.017876826068723907
      },
      "n_folds": 5,
      "std": {
        "loss": 0.00014981092583015148,
        "mae": 0.0027944014579160967,
        "mse": 0.00014981092583015148,
        "r2": 0.030526851789983742,
        "rmse": 0.003964984014424076
      }
    },
    "lmu_var_d32": {
      "mean": {
        "loss": 2.030359552634586,
        "mae": 0.4302304775845981,
        "mse": 2.030359552634586,
        "r2": -8680.91658950121,
        "rmse": 0.6949343811733267
      },
      "n_folds": 5,
      "std": {
        "loss": 4.044282759212183,
        "mae": 0.7560595569150141,
        "mse": 4.044282759212183,
        "r2": 17327.110119760273,
        "rmse": 1.2439556899254214
      }
    },
    "lmu_var_d8": {
      "mean": {
        "loss": 0.45449407333077546,
        "mae": 0.22186006629284538,
        "mse": 0.45449407333077546,
        "r2": -1938.8737158836004,
        "rmse": 0.3386157757474034
      },
      "n_folds": 5,
      "std": {
        "loss": 0.9016112359991504,
        "mae": 0.37917131847122587,
        "mse": 0.9016112359991504,
        "r2": 3864.5724282635033,
        "rmse": 0.5829523391717024
      }
    },
    "naive_persistence": {
      "mean": {
        "loss": 0.10790493279008181,
        "mae": 0.24227868880827233,
        "mse": 0.10790493279008181,
        "r2": -238.74550602052074,
        "rmse": 0.25029648863693044
      },
      "n_folds": 5,
      "std": {
        "loss": 0.16462742204335745,
        "mae": 0.20595336656454732,
        "mse": 0.16462742204335745,
        "r2": 275.3164519977111,
        "rmse": 0.21273598794304818
      }
    }
  },
  "n_windows": 2988,
  "name": "equities_seq",
  "theta": 44.0
}