{
  "grid": "irregular",
  "models": {
    "linear_ridge": {
      "mean": {
        "loss": 1.5285678924342876,
        "mae": 0.7217428259060759,
        "mse": 1.5285678924342876,
        "r2": 0.9846768084276059,
        "rmse": 0.9582252782730842
      },
      "n_folds": 5,
      "std": {
        "loss": 2.350018035153161,
        "mae": 0.5890417285101076,
        "mse": 2.350018035153161,
        "r2": 0.01228807149239054,
        "rmse": 0.7812632133364261
      }
    },
    "lmu_fixed_d16": {
      "mean": {
        "loss": 1549.0812957276717,
        "mae": 11.552027852618066,
        "mse": 1549.0812957276717,
        "r2": -88.27729686873388,
        "rmse": 19.426709081759586
      },
      "n_folds": 5,
      "std": {
        "loss": 3079.9378123985507,
        "mae": 19.757532306451708,
        "mse": 3079.9378123985507,
        "r2": 178.29928286055232,
        "rmse": 34.22987394046831
      }
    },
    "lmu_var_d16": {
      "mean": {
        "loss": 896.2408680750141,
        "mae": 10.006327782852145,
        "mse": 896.2408680750141,
        "r2": -50.55859320656402,
        "rmse": 14.989324551370265
      },
      "n_folds": 5,
      "std": {
        "loss": 1778.1904544510785,
        "mae": 17.014146939597005,
        "mse": 1778.1904544510785,
        "r2": 102.98689001457785,
        "rmse": 25.914494352942775
      }
    },
    "lmu_var_d32": {
      "mean": {
        "loss": 1251.0580314818203,
        "mae": 11.933991688319143,
        "mse": 1251.0580314818203,
        "r2": -70.87689343873635,
        "rmse": 18.02045056682826
      },
      "n_folds": 5,
      "std": {
        "loss": 2474.197253706148,
        "mae": 19.968773064655426,
        "mse": 2474.197253706148,
        "r2": 143.34309973005824,
        "rmse": 30.435528463463875
      }
    },
    "lmu_var_d8": {
      "mean": {
        "loss": 362.2166641851869,
        "mae": 6.9829322198763055,
        "mse": 362.2166641851869,
        "r2": -19.740006366938054,
        "rmse": 9.914072758357623
      },
      "n_folds": 5,
      "std": {
        "loss": 713.6386996976377,
        "mae": 11.299581881000544,
        "mse": 713.6386996976377,
        "r2": 41.37939738890329,
        "rmse": 16.24585564158374
      }
    },
    "naive_persistence": {
      "mean": {
        "loss": 3891.0993994253245,
        "mae": 49.098843939774426,
        "mse": 3891.0993994253245,
        "r2": -34.190076971758096,
        "rmse": 50.15636874628258
      },
      "n_folds": 5,
      "std": {
        "loss": 5472.003183838667,
        "mae": 35.87243979813994,
        "mse": 5472.003183838667,
        "r2": 12.243856476096761,
        "rmse": 37.086898948446105
      }
    }
  },
  "n_windows": 2988,
  "name": "equities_seq",
  "theta": 44.0
}