{
  "grid": "irregular",
  "models": {
    "linear_ridge": {
      "mean": {
        "loss": 0.19335950472456828,
        "mae": 0.3434396349544208,
        "mse": 0.19335950472456828,
        "r2": 0.9022429621419497,
        "rmse": 0.4395358576055005
      },
      "n_folds": 5,
      "std": {
        "loss": 0.011327518386346661,
        "mae": 0.010038289667201678,
        "mse": 0.011327518386346661,
        "r2": 0.006100386520432646,
        "rmse": 0.012951239460586038
      }
    },
    "lmu_fixed_d16": {
      "mean": {
        "loss": 0.12820983573093586,
        "mae": 0.27708072239810466,
        "mse": 0.12820983573093586,
        "r2": 0.9352865016830062,
        "rmse": 0.35746835360028234
      },
      "n_folds": 5,
      "std": {
        "loss": 0.015329448933575665,
        "mae": 0.015153766720517844,
        "mse": 0.015329448933575665,
        "r2": 0.006864569140593993,
        "rmse": 0.020644900223526715
      }
    },
    "lmu_var_d16": {
      "mean": {
        "loss": 0.02361886540460517,
        "mae": 0.11262550240252481,
        "mse": 0.02361886540460517,
        "r2": 0.9880785304772127,
        "rmse": 0.15323384252272831
      },
      "n_folds": 5,
      "std": {
        "loss": 0.003555725162521578,
        "mae": 0.008227124030358442,
        "mse": 0.003555725162521578,
        "r2": 0.0016771267712087632,
        "rmse": 0.011758184822704399
      }
    },
    "lmu_var_d32": {
      "mean": {
        "loss": 0.024004322961398587,
        "mae": 0.1144115568289558,
        "mse": 0.024004322961398587,
        "r2": 0.9878803008918291,
        "rmse": 0.15468261073937067
      },
      "n_folds": 5,
      "std": {
        "loss": 0.0027089124564048848,
        "mae": 0.0059351542537692484,
        "mse": 0.0027089124564048848,
        "r2": 0.0012387486226156568,
        "rmse": 0.008809818173545
      }
    },
    "lmu_var_d8": {
      "mean": {
        "loss": 0.037434337675251575,
        "mae": 0.13948649219547335,
        "mse": 0.037434337675251575,
        "r2": 0.9811350418087995,
        "rmse": 0.19056719409290362
      },
      "n_folds": 5,
      "std": {
        "loss": 0.013866185560189231,
        "mae": 0.017169158752185398,
        "mse": 0.013866185560189231,
        "r2": 0.006828610528566994,
        "rmse": 0.03344371706029666
      }
    },
    "naive_persistence": {
      "mean": {
        "loss": 0.19819456198363947,
        "mae": 0.34613814697055734,
        "mse": 0.19819456198363947,
        "r2": 0.8997986402333862,
        "rmse": 0.4450007894547138
      },
      "n_folds": 5,
      "std": {
        "loss": 0.011496474488667871,
        "mae": 0.00965270250386786,
        "mse": 0.011496474488667871,
        "r2": 0.006198584260437028,
        "rmse": 0.012994589963555002
      }
    }
  },
  "n_windows": 1968,
  "name": "irregular_sine",
  "theta": 30.870532989501953
}