{
  "grid": "irregular",
  "models": {
    "linear_ridge": {
      "mean": {
        "loss": 0.3103667790889027,
        "mae": 0.44564180396647934,
        "mse": 0.3103667790889027,
        "r2": 0.8480957991261008,
        "rmse": 0.5568815810017276
      },
      "n_folds": 5,
      "std": {
        "loss": 0.017541869072235743,
        "mae": 0.013306080481700117,
        "mse": 0.017541869072235743,
        "r2": 0.006786706847101908,
        "rmse": 0.015801386961877502
      }
    },
    "lmu_fixed_d16": {
      "mean": {
        "loss": 0.27687798523932905,
        "mae": 0.4126812257852285,
        "mse": 0.27687798523932905,
        "r2": 0.8645905715445039,
        "rmse": 0.5259294139706674
      },
      "n_folds": 5,
      "std": {
        "loss": 0.017189576311926653,
        "mae": 0.01983918099220585,
        "mse": 0.017189576311926653,
        "r2": 0.004871693356926029,
        "rmse": 0.016620371830962915
      }
    },
    "lmu_fixed_d16_ridge1.0": {
      "mean": {
        "loss": 0.27550904896955913,
        "mae": 0.4122502753180705,
        "mse": 0.27550904896955913,
        "r2": 0.865268644672946,
        "rmse": 0.5246067335357657
      },
      "n_folds": 5,
      "std": {
        "loss": 0.01779360953656892,
        "mae": 0.019712341669874477,
        "mse": 0.01779360953656892,
        "r2": 0.0051941959608534805,
        "rmse": 0.01722858376341937
      }
    },
    "lmu_var_d16": {
      "mean": {
        "loss": 0.1082700082404771,
        "mae": 0.26244709827896817,
        "mse": 0.1082700082404771,
        "r2": 0.9469776882964706,
        "rmse": 0.3283543981963517
      },
      "n_folds": 5,
      "std": {
        "loss": 0.014444305572791574,
        "mae": 0.016046305099823445,
        "mse": 0.014444305572791574,
        "r2": 0.006950759904805704,
        "rmse": 0.021293130948471913
      }
    },
    "lmu_var_d16_ridge1.0": {
      "mean": {
        "loss": 0.10785113895348766,
        "mae": 0.26166334804322966,
        "mse": 0.10785113895348766,
        "r2": 0.9471852977229291,
        "rmse": 0.327918493648855
      },
      "n_folds": 5,
      "std": {
        "loss": 0.011893923476012765,
        "mae": 0.013143884729106634,
        "mse": 0.011893923476012765,
        "r2": 0.005692584253291906,
        "rmse": 0.017905319783614395
      }
    },
    "lmu_var_d32": {
      "mean": {
        "loss": 0.11050227466015794,
        "mae": 0.2649090300156246,
        "mse": 0.11050227466015794,
        "r2": 0.9458819171020021,
        "rmse": 0.3317452832634533
      },
      "n_folds": 5,
      "std": {
        "loss": 0.01439040878456646,
        "mae": 0.015850742450410592,
        "mse": 0.01439040878456646,
        "r2": 0.006933959711618911,
        "rmse": 0.021150453721116392
      }
    },
    "lmu_var_d8": {
      "mean": {
        "loss": 0.12991339619622105,
        "mae": 0.28532920386164784,
        "mse": 0.12991339619622105,
        "r2": 0.9364178500487567,
        "rmse": 0.35883103269220323
      },
      "n_folds": 5,
      "std": {
        "loss": 0.025383306627066695,
        "mae": 0.02537576901632288,
        "mse": 0.025383306627066695,
        "r2": 0.012080207435605473,
        "rmse": 0.03396595609235888
      }
    },
    "naive_persistence": {
      "mean": {
        "loss": 0.32264712791254624,
        "mae": 0.45387292787354233,
        "mse": 0.32264712791254624,
        "r2": 0.8420815282841453,
        "rmse": 0.5677740123434626
      },
      "n_folds": 5,
      "std": {
        "loss": 0.018976133536698213,
        "mae": 0.01216281808330336,
        "mse": 0.018976133536698213,
        "r2": 0.007577154777935293,
        "rmse": 0.016727188046762553
      }
    }
  },
  "n_windows": 1968,
  "name": "irregular_sine_noise0.25",
  "theta": 30.870532989501953
}