{
  "grid": "irregular",
  "models": {
    "linear_ridge": {
      "mean": {
        "loss": 0.21234666155717302,
        "mae": 0.3636824312877769,
        "mse": 0.21234666155717302,
        "r2": 0.8932526214659235,
        "rmse": 0.4606413759891179
      },
      "n_folds": 5,
      "std": {
        "loss": 0.011462928494648455,
        "mae": 0.00846912553433717,
        "mse": 0.011462928494648455,
        "r2": 0.005574877077999305,
        "rmse": 0.012497371084555932
      }
    },
    "lmu_fixed_d16": {
      "mean": {
        "loss": 0.1600814114431995,
        "mae": 0.3118285386705885,
        "mse": 0.1600814114431995,
        "r2": 0.9196260676873736,
        "rmse": 0.39979092068515665
      },
      "n_folds": 5,
      "std": {
        "loss": 0.012829862715413469,
        "mae": 0.013274848435042971,
        "mse": 0.012829862715413469,
        "r2": 0.004901052676275992,
        "rmse": 0.01576804302741274
      }
    },
    "lmu_fixed_d16_ridge1.0": {
      "mean": {
        "loss": 0.16103065799930055,
        "mae": 0.31244208592993605,
        "mse": 0.16103065799930055,
        "r2": 0.9191633826496222,
        "rmse": 0.4009411806757931
      },
      "n_folds": 5,
      "std": {
        "loss": 0.013493578906316094,
        "mae": 0.013933600816447747,
        "mse": 0.013493578906316094,
        "r2": 0.005132930240121007,
        "rmse": 0.0166381380449142
      }
    },
    "lmu_var_d16": {
      "mean": {
        "loss": 0.03840011588504544,
        "mae": 0.15378147076815624,
        "mse": 0.03840011588504544,
        "r2": 0.9807062918051311,
        "rmse": 0.19534408833807632
      },
      "n_folds": 5,
      "std": {
        "loss": 0.006372218778176523,
        "mae": 0.010444665377727777,
        "mse": 0.006372218778176523,
        "r2": 0.0031068197134160105,
        "rmse": 0.01551782962953473
      }
    },
    "lmu_var_d16_ridge1.0": {
      "mean": {
        "loss": 0.03786059405949486,
        "mae": 0.152811341000411,
        "mse": 0.03786059405949486,
        "r2": 0.9809703333947176,
        "rmse": 0.19446567902927767
      },
      "n_folds": 5,
      "std": {
        "loss": 0.002616505996488547,
        "mae": 0.005171458361522635,
        "mse": 0.002616505996488547,
        "r2": 0.0012405492916753378,
        "rmse": 0.00661012399103147
      }
    },
    "lmu_var_d32": {
      "mean": {
        "loss": 0.038731929038921996,
        "mae": 0.15492468437516513,
        "mse": 0.038731929038921996,
        "r2": 0.9805392457777927,
        "rmse": 0.19629664951755565
      },
      "n_folds": 5,
      "std": {
        "loss": 0.005809030345168958,
        "mae": 0.009672049150105055,
        "mse": 0.005809030345168958,
        "r2": 0.002820284139408468,
        "rmse": 0.014126373459027473
      }
    },
    "lmu_var_d8": {
      "mean": {
        "loss": 0.05336239003264953,
        "mae": 0.176815291798116,
        "mse": 0.05336239003264953,
        "r2": 0.9732222064984184,
        "rmse": 0.22881788191933206
      },
      "n_folds": 5,
      "std": {
        "loss": 0.015528161494011171,
        "mae": 0.01811043434150059,
        "mse": 0.015528161494011171,
        "r2": 0.007590080405406718,
        "rmse": 0.0316980590352176
      }
    },
    "naive_persistence": {
      "mean": {
        "loss": 0.2180997227760315,
        "mae": 0.36664529160593584,
        "mse": 0.2180997227760315,
        "r2": 0.8903595326111841,
        "rmse": 0.46684723167141395
      },
      "n_folds": 5,
      "std": {
        "loss": 0.011492051580366524,
        "mae": 0.009076968011975314,
        "mse": 0.011492051580366524,
        "r2": 0.005604140718900792,
        "rmse": 0.012384872093349292
      }
    }
  },
  "n_windows": 1968,
  "name": "irregular_sine_noise0.10",
  "theta": 30.870532989501953
}