{
  "grid": "regular",
  "models": {
    "linear_ridge": {
      "mean": {
        "loss": 0.001201040225928355,
        "mae": 0.029165826608498053,
        "mse": 0.001201040225928355,
        "r2": 0.9783683254155335,
        "rmse": 0.03465160778270977
      },
      "n_folds": 5,
      "std": {
        "loss": 3.8425276947625476e-05,
        "mae": 0.0005400726399640246,
        "mse": 3.8425276947625476e-05,
        "r2": 0.0008111238487414196,
        "rmse": 0.0005534473792531308
      }
    },
    "lmu_fixed_d16": {
      "mean": {
        "loss": 6.247874562813558e-06,
        "mae": 0.001969349740114548,
        "mse": 6.247874562813558e-06,
        "r2": 0.9998880797112311,
        "rmse": 0.00249424613783806
      },
      "n_folds": 5,
      "std": {
        "loss": 8.347519072371014e-07,
        "mae": 0.00012650594523642357,
        "mse": 8.347519072371014e-07,
        "r2": 9.038360917706573e-06,
        "rmse": 0.00016312806838027238
      }
    },
    "lmu_var_d16": {
      "mean": {
        "loss": 6.247874562813558e-06,
        "mae": 0.001969349740114548,
        "mse": 6.247874562813558e-06,
        "r2": 0.9998880797112311,
        "rmse": 0.00249424613783806
      },
      "n_folds": 5,
      "std": {
        "loss": 8.347519072371014e-07,
        "mae": 0.00012650594523642357,
        "mse": 8.347519072371014e-07,
        "r2": 9.038360917706573e-06,
        "rmse": 0.00016312806838027238
      }
    },
    "lmu_var_d32": {
      "mean": {
        "loss": 3.1519785914174322e-06,
        "mae": 0.0013795152600184096,
        "mse": 3.1519785914174322e-06,
        "r2": 0.9999434980342261,
        "rmse": 0.0017725258623029997
      },
      "n_folds": 5,
      "std": {
        "loss": 3.6753805067668693e-07,
        "mae": 0.00010138527119572716,
        "mse": 3.6753805067668693e-07,
        "r2": 3.4677199756356754e-06,
        "rmse": 0.00010065117428246951
      }
    },
    "lmu_var_d8": {
      "mean": {
        "loss": 0.00017571056929363723,
        "mae": 0.010912982502623259,
        "mse": 0.00017571056929363723,
        "r2": 0.9968462163032961,
        "rmse": 0.013238175663342847
      },
      "n_folds": 5,
      "std": {
        "loss": 1.8113022403588663e-05,
        "mae": 0.00046297026788725133,
        "mse": 1.8113022403588663e-05,
        "r2": 0.00019549648786848338,
        "rmse": 0.0006791718487351976
      }
    },
    "naive_persistence": {
      "mean": {
        "loss": 0.0012045636457178048,
        "mae": 0.028776469390566755,
        "mse": 0.0012045636457178048,
        "r2": 0.9783069954015696,
        "rmse": 0.03470170240133954
      },
      "n_folds": 5,
      "std": {
        "loss": 4.140627687827123e-05,
        "mae": 0.0005968003861012606,
        "mse": 4.140627687827123e-05,
        "r2": 0.0008050351464299821,
        "rmse": 0.0005962349928257629
      }
    }
  },
  "n_windows": 1968,
  "name": "mackey_glass",
  "theta": 31.0
}