{
  "grid": "regular",
  "models": {
    "linear_ridge": {
      "mean": {
        "loss": 0.1771548005636658,
        "mae": 0.3465086528331827,
        "mse": 0.1771548005636658,
        "r2": 0.9112484527102073,
        "rmse": 0.42087903738423205
      },
      "n_folds": 5,
      "std": {
        "loss": 0.0033191065214766553,
        "mae": 0.0030831672533233843,
        "mse": 0.0033191065214766553,
        "r2": 0.001644359404907442,
        "rmse": 0.00395429566269576
      }
    },
    "lmu_fixed_d16": {
      "mean": {
        "loss": 1.7868715913629453e-15,
        "mae": 3.119545687834993e-08,
        "mse": 1.7868715913629453e-15,
        "r2": 0.9999999999999991,
        "rmse": 4.226384668065476e-08
      },
      "n_folds": 5,
      "std": {
        "loss": 6.722421069640912e-17,
        "mae": 3.5040311246887346e-10,
        "mse": 6.722421069640912e-17,
        "r2": 0.0,
        "rmse": 7.992841278624855e-10
      }
    },
    "lmu_fixed_d16_ridge1.0": {
      "mean": {
        "loss": 2.988081681529731e-06,
        "mae": 0.0011907788921765752,
        "mse": 2.988081681529731e-06,
        "r2": 0.9999985164951332,
        "rmse": 0.001443323679316286
      },
      "n_folds": 5,
      "std": {
        "loss": 3.7991707271038714e-06,
        "mae": 0.0007859031220761173,
        "mse": 3.7991707271038714e-06,
        "r2": 1.882145273548843e-06,
        "rmse": 0.0009512614983560667
      }
    },
    "lmu_var_d16": {
      "mean": {
        "loss": 1.7868715913629453e-15,
        "mae": 3.119545687834993e-08,
        "mse": 1.7868715913629453e-15,
        "r2": 0.9999999999999991,
        "rmse": 4.226384668065476e-08
      },
      "n_folds": 5,
      "std": {
        "loss": 6.722421069640912e-17,
        "mae": 3.5040311246887346e-10,
        "mse": 6.722421069640912e-17,
        "r2": 0.0,
        "rmse": 7.992841278624855e-10
      }
    },
    "lmu_var_d16_ridge1.0": {
      "mean": {
        "loss": 2.988081681529731e-06,
        "mae": 0.0011907788921765752,
        "mse": 2.988081681529731e-06,
        "r2": 0.9999985164951332,
        "rmse": 0.001443323679316286
      },
      "n_folds": 5,
      "std": {
        "loss": 3.7991707271038714e-06,
        "mae": 0.0007859031220761173,
        "mse": 3.7991707271038714e-06,
        "r2": 1.882145273548843e-06,
        "rmse": 0.0009512614983560667
      }
    },
    "lmu_var_d32": {
      "mean": {
        "loss": 1.6270528352269854e-09,
        "mae": 2.7388740670315956e-05,
        "mse": 1.6270528352269854e-09,
        "r2": 0.9999999991851588,
        "rmse": 4.024479491991447e-05
      },
      "n_folds": 5,
      "std": {
        "loss": 2.212501314121078e-10,
        "mae": 1.6815886005193854e-06,
        "mse": 2.212501314121078e-10,
        "r2": 1.0890281920475004e-10,
        "rmse": 2.722006076593419e-06
      }
    },
    "lmu_var_d8": {
      "mean": {
        "loss": 1.8765634710291697e-15,
        "mae": 3.2198594796922345e-08,
        "mse": 1.8765634710291697e-15,
        "r2": 0.9999999999999991,
        "rmse": 4.331538675997102e-08
      },
      "n_folds": 5,
      "std": {
        "loss": 5.0402748028084e-17,
        "mae": 3.480645044510154e-10,
        "mse": 5.0402748028084e-17,
        "r2": 8.599750569898517e-17,
        "rmse": 5.837301288242437e-10
      }
    },
    "naive_persistence": {
      "mean": {
        "loss": 0.1812830103792788,
        "mae": 0.35086135496896487,
        "mse": 0.1812830103792788,
        "r2": 0.909180205380984,
        "rmse": 0.4257542821376431
      },
      "n_folds": 5,
      "std": {
        "loss": 0.0034283738003567004,
        "mae": 0.004606519541989122,
        "mse": 0.0034283738003567004,
        "r2": 0.0017040159243202763,
        "rmse": 0.00403752656200919
      }
    }
  },
  "n_windows": 1968,
  "name": "multi_sine",
  "theta": 31.0
}