{
  "grid": "regular",
  "models": {
    "linear_ridge": {
      "mean": {
        "loss": 0.29781962721594957,
        "mae": 0.4380939252401152,
        "mse": 0.29781962721594957,
        "r2": 0.8561264909063041,
        "rmse": 0.5455697428293484
      },
      "n_folds": 5,
      "std": {
        "loss": 0.014313767878072738,
        "mae": 0.011093502914647157,
        "mse": 0.014313767878072738,
        "r2": 0.00681288276920661,
        "rmse": 0.013163697241584926
      }
    },
    "lmu_fixed_d16": {
      "mean": {
        "loss": 0.07805159640610375,
        "mae": 0.22430061576666738,
        "mse": 0.07805159640610375,
        "r2": 0.9622907410161347,
        "rmse": 0.27911358649944545
      },
      "n_folds": 5,
      "std": {
        "loss": 0.006630475334763944,
        "mae": 0.013968744314952704,
        "mse": 0.006630475334763944,
        "r2": 0.0032335255035343766,
        "rmse": 0.012132692921207722
      }
    },
    "lmu_fixed_d16_ridge1.0": {
      "mean": {
        "loss": 0.07775398473970124,
        "mae": 0.22360449958780917,
        "mse": 0.07775398473970124,
        "r2": 0.9624365167582913,
        "rmse": 0.27856675155825145
      },
      "n_folds": 5,
      "std": {
        "loss": 0.006746306910491786,
        "mae": 0.013604486423263808,
        "mse": 0.006746306910491786,
        "r2": 0.0032636629613824043,
        "rmse": 0.012431800593021292
      }
    },
    "lmu_var_d16": {
      "mean": {
        "loss": 0.07805159640610375,
        "mae": 0.22430061576666738,
        "mse": 0.07805159640610375,
        "r2": 0.9622907410161347,
        "rmse": 0.27911358649944545
      },
      "n_folds": 5,
      "std": {
        "loss": 0.006630475334763944,
        "mae": 0.013968744314952704,
        "mse": 0.006630475334763944,
        "r2": 0.0032335255035343766,
        "rmse": 0.012132692921207722
      }
    },
    "lmu_var_d16_ridge1.0": {
      "mean": {
        "loss": 0.07775398473970124,
        "mae": 0.22360449958780917,
        "mse": 0.07775398473970124,
        "r2": 0.9624365167582913,
        "rmse": 0.27856675155825145
      },
      "n_folds": 5,
      "std": {
        "loss": 0.006746306910491786,
        "mae": 0.013604486423263808,
        "mse": 0.006746306910491786,
        "r2": 0.0032636629613824043,
        "rmse": 0.012431800593021292
      }
    },
    "lmu_var_d32": {
      "mean": {
        "loss": 0.08101990946305435,
        "mae": 0.22805211085746313,
        "mse": 0.08101990946305435,
        "r2": 0.9608604690138387,
        "rmse": 0.2843879373890005
      },
      "n_folds": 5,
      "std": {
        "loss": 0.0066239030231251645,
        "mae": 0.013122022428846313,
        "mse": 0.0066239030231251645,
        "r2": 0.0031811215120127845,
        "rmse": 0.011975413591366328
      }
    },
    "lmu_var_d8": {
      "mean": {
        "loss": 0.0811665258232753,
        "mae": 0.22992597549439503,
        "mse": 0.0811665258232753,
        "r2": 0.960789169651848,
        "rmse": 0.2846045166875558
      },
      "n_folds": 5,
      "std": {
        "loss": 0.007236650660330211,
        "mae": 0.013682276360892755,
        "mse": 0.007236650660330211,
        "r2": 0.003481071668485199,
        "rmse": 0.012914910155246683
      }
    },
    "naive_persistence": {
      "mean": {
        "loss": 0.3094134162301937,
        "mae": 0.44474014469376966,
        "mse": 0.3094134162301937,
        "r2": 0.8505255651416407,
        "rmse": 0.5560707449310541
      },
      "n_folds": 5,
      "std": {
        "loss": 0.015628411389575683,
        "mae": 0.012655711968989288,
        "mse": 0.015628411389575683,
        "r2": 0.007452321987537824,
        "rmse": 0.014097619019404563
      }
    }
  },
  "n_windows": 1968,
  "name": "multi_sine_noise0.25",
  "theta": 31.0
}