{
  "grid": "regular",
  "models": {
    "linear_ridge": {
      "mean": {
        "loss": 0.19733740248971554,
        "mae": 0.3622715870159034,
        "mse": 0.19733740248971554,
        "r2": 0.9018483996970007,
        "rmse": 0.44421753502660827
      },
      "n_folds": 5,
      "std": {
        "loss": 0.00254784793442304,
        "mae": 0.0031053030906316678,
        "mse": 0.00254784793442304,
        "r2": 0.00198432581847095,
        "rmse": 0.002860780417928165
      }
    },
    "lmu_fixed_d16": {
      "mean": {
        "loss": 0.012518973534722654,
        "mae": 0.08983755665842394,
        "mse": 0.012518973534722654,
        "r2": 0.9937698090959888,
        "rmse": 0.1117820318665548
      },
      "n_folds": 5,
      "std": {
        "loss": 0.0010669528711755992,
        "mae": 0.005519880193208201,
        "mse": 0.0010669528711755992,
        "r2": 0.0005752330860996331,
        "rmse": 0.004873488125273545
      }
    },
    "lmu_fixed_d16_ridge1.0": {
      "mean": {
        "loss": 0.012500328724960411,
        "mae": 0.08945668424459394,
        "mse": 0.012500328724960411,
        "r2": 0.9937798601220716,
        "rmse": 0.11169572860869607
      },
      "n_folds": 5,
      "std": {
        "loss": 0.001074639654550542,
        "mae": 0.005169728571082297,
        "mse": 0.001074639654550542,
        "r2": 0.0005691800748118594,
        "rmse": 0.004938920482547095
      }
    },
    "lmu_var_d16": {
      "mean": {
        "loss": 0.012518973534722654,
        "mae": 0.08983755665842394,
        "mse": 0.012518973534722654,
        "r2": 0.9937698090959888,
        "rmse": 0.1117820318665548
      },
      "n_folds": 5,
      "std": {
        "loss": 0.0010669528711755992,
        "mae": 0.005519880193208201,
        "mse": 0.0010669528711755992,
        "r2": 0.0005752330860996331,
        "rmse": 0.004873488125273545
      }
    },
    "lmu_var_d16_ridge1.0": {
      "mean": {
        "loss": 0.012500328724960411,
        "mae": 0.08945668424459394,
        "mse": 0.012500328724960411,
        "r2": 0.9937798601220716,
        "rmse": 0.11169572860869607
      },
      "n_folds": 5,
      "std": {
        "loss": 0.001074639654550542,
        "mae": 0.005169728571082297,
        "mse": 0.001074639654550542,
        "r2": 0.0005691800748118594,
        "rmse": 0.004938920482547095
      }
    },
    "lmu_var_d32": {
      "mean": {
        "loss": 0.012841429090672887,
        "mae": 0.09079110074238866,
        "mse": 0.012841429090672887,
        "r2": 0.993609872397123,
        "rmse": 0.11321891627026315
      },
      "n_folds": 5,
      "std": {
        "loss": 0.0010505817513558197,
        "mae": 0.005628016748118569,
        "mse": 0.0010505817513558197,
        "r2": 0.0005626547880084221,
        "rmse": 0.004786030637180468
      }
    },
    "lmu_var_d8": {
      "mean": {
        "loss": 0.01305280487185206,
        "mae": 0.09210477759797744,
        "mse": 0.01305280487185206,
        "r2": 0.9935040302835653,
        "rmse": 0.11413015168618787
      },
      "n_folds": 5,
      "std": {
        "loss": 0.0011691415974492505,
        "mae": 0.005537761751268753,
        "mse": 0.0011691415974492505,
        "r2": 0.0006266983911874307,
        "rmse": 0.005207047910266051
      }
    },
    "naive_persistence": {
      "mean": {
        "loss": 0.20245726599493943,
        "mae": 0.3674820296273271,
        "mse": 0.20245726599493943,
        "r2": 0.8993016219518821,
        "rmse": 0.44994066699771207
      },
      "n_folds": 5,
      "std": {
        "loss": 0.0029494078268159597,
        "mae": 0.0038906749695193817,
        "mse": 0.0029494078268159597,
        "r2": 0.002159846095746992,
        "rmse": 0.003265298852086336
      }
    }
  },
  "n_windows": 1968,
  "name": "multi_sine_noise0.10",
  "theta": 31.0
}